[
  {
    "name": "Cutlass",
    "author": "pioz"
  },
  [
    {
      "a": 5
    },
    "~\n`",
    "!\n1",
    "@\n2",
    "#\n3",
    "$\n4",
    "%\n5",
    "^\n6",
    "&\n7",
    "*\n8",
    "(\n9",
    ")\n0",
    "_\n-",
    "+\n=",
    {
      "a": 7,
      "w": 2
    },
    "Backspace",
    "ROT"
  ],
  [
    {
      "w": 1.5
    },
    "Tab",
    "Q",
    "W",
    "E",
    "R",
    "T",
    "Y",
    "U",
    "I",
    "O",
    "P",
    {
      "a": 5
    },
    "{\n[",
    "}\n]",
    {
      "w": 1.5
    },
    "|\n\\",
    {
      "a": 7
    },
    ""
  ],
  [
    {
      "w": 1.25,
      "w2": 1.75,
      "l": true
    },
    "Caps Lock",
    {
      "x": 0.5
    },
    "A",
    "S",
    "D",
    "F",
    "G",
    "H",
    "J",
    "K",
    "L",
    {
      "a": 5
    },
    ":\n;",
    "\"\n'",
    {
      "a": 7,
      "w": 2.25
    },
    "Enter",
    "PgUp"
  ],
  [
    {
      "w": 2.25
    },
    "Shift",
    "Z",
    "X",
    "C",
    "V",
    "B",
    "N",
    "M",
    {
      "a": 5
    },
    "<\n,",
    ">\n.",
    "?\n/",
    {
      "a": 7,
      "w": 1.75
    },
    "Shift",
    "↑",
    "PgDn"
  ],
  [
    {
      "w": 1.25
    },
    "Ctrl",
    {
      "w": 1.25
    },
    "Super",
    {
      "w": 1.25
    },
    "Alt",
    {
      "w": 6.25
    },
    "",
    {
      "w": 1.25
    },
    "Fn2",
    {
      "w": 1.25
    },
    "Fn1",
    {
      "x": 0.5
    },
    "←",
    "↓",
    "→"
  ]
]